Workbook

Sheet راهنما
A1: قالب‌های ویدیوی کانال بارسا — نسخه‌ی ۱
A2: تاریخ | B2: ۱۵ اکتبر ۲۰۲۶
A3: چطور بخوانید | B3: هر تب یک فرمت است و طول ویدیو را برش زده: هر ردیف یک بخش با زمان شروع/پایان، هدف، نمونه‌ی روایت انگلیسی، تصویر، کامپوننت‌های Remotion، صدا، ترفند ماندگاری و منبع/لایسنس.
A4: ستون‌های قابل ویرایش | B4: شروع و پایان (به صورت mm:ss) و همه‌ی متن‌ها. «مدت» و «٪ از کل» فرمول‌اند و خودکار حساب می‌شوند.
A5: [ ] در روایت | B5: هر چیزی داخل [ ] جای حقیقت/عددی است که باید از فکت‌شیت منبع‌دار پر شود. عدد ساختگی ممنوع.
A6: رنگ‌ها | B6: هر نوع بخش رنگ خودش را دارد (جدول زیر). تب «نمای برش‌ها» همه‌ی فرمت‌ها را به‌صورت نوار رنگی ۱۵ثانیه‌ای کنار هم نشان می‌دهد.
A7: تلاش (۱ تا ۵) | B7: برآورد زمان تولید آن بخش: ۱ = کارت ساده، ۵ = بازسازی سنگین چند صحنه‌ای.
A8: رندر ابری | B8: تب «مقایسه‌ی فرمت‌ها» زمان رندر را برای سیستم محلی و GitHub Actions / Google Colab حساب می‌کند؛ سرعت ابری فعلاً فرض است و بعد از اولین تست اندازه‌گیری می‌شود (خانه‌ی زرد).
A10: نوع بخش | B10: معنا
A11: H — قلاب | B11: ۰ تا ۲۰ ثانیه: یک لحظه‌ی مشخص یا ادعای تند، بدون اینترو.
A12: T — پیش‌نمایش/وعده | B12: قول مشخص به بیننده (مثلاً ۳ چیز) و ایجاد کنجکاوی که بعداً پرداخت می‌شود.
A13: C — زمینه | B13: زمینه‌ی لازم برای فهم؛ کوتاه.
A14: F — فصل اصلی | B14: بدنه‌ی اصلی؛ هر فصل یک سؤال ← شواهد انیمیشنی ← پاسخ.
... A19: E — پایان/اند‌اسکرین | B19: اند‌اسکرین هدفمند به ویدیوی مرتبط بعدی.

Sheet نمای برش‌ها
A1: هر خانه = ۱۵ ثانیه. حروف: نوع بخش (راهنما). عددهای بالا = دقیقه.
B2: 0 | F2: 1 | J2: 2 | N2: 3 | R2: 4 | V2: 5 | Z2: 6 | AD2: 7 | AH2: 8 | AL2: 9 | AP2: 10 | AT2: 11 | AX2: 12 | BB2: 13 | BF2: 14 | BJ2: 15 | BN2: 16 | BR2: 17 | BV2: 18 | BZ2: 19 | CD2: 20 | CH2: 21 | CL2: 22 | CP2: 23 | CT2: 24 | CX2: 25 | DB2: 26 | DF2: 27 | DJ2: 28 | DN2: 29 | DR2: 30 | DV2: 31 | DZ2: 32 | ED2: 33 | EH2: 34
A3: FS — The Full Story — زندگی‌نامه‌ی تصویرسازی‌شده (HERO) | B3: H | D3: T | F3: C | V3: B | W3: F | AX3: B | AY3: F | BR3: B | BS3: F | DB3: R | DV3: M | EF3: Q | EH3: E
A4: PL — Play Like Barça — آموزشی (CORE هفتگی) | B4: T | D4: F | N4: F | W4: B | X4: F | AF4: R | AN4: Q | AO4: E
A5: A — تحلیل تاکتیکی بعد از بازی بزرگ (TX) | B5: H | C5: T | E5: C | I5: F | S5: B | T5: F | AC5: F | AL5: R | AR5: Q | AU5: E
A6: B — کالبدشکافی بازیکن | B6: H | C6: T | E6: C | L6: F | X6: B | Y6: F | AK6: F | AV6: R | BB6: M | BG6: Q | BH6: E
A7: C — TM — بازی‌ای که… / مستند تاریخی بلند | B7: H | D7: T | H7: C | T7: B | V7: F | AL7: F | BJ7: B | BL7: F | CB7: R | CN7: M | CU7: E
A8: D — سری تاریخی «روایت با عکس» | B8: H | C8: T | D8: C | L8: F | V8: B | W8: F | AH8: R | AP8: M | AU8: Q | AV8: E
A9: E — تاریخ شفاهی هوادار — فقط به‌صورت بخش داخل FS/TM | B9: H | C9: C | F9: M | N9: F | AD9: R | AP9: B | AQ9: M | AZ9: Q | BD9: E
A10: F — WI — شبیه‌ساز شفاف «اگر…» | B10: H | C10: T | F10: C | N10: F | Z10: B | AA10: R | AP10: F | AZ10: Q | BC10: E
A11: G — رتبه‌بندی / شمارش معکوس — ❌ حذف در دور ۲ (فقط مرجع) | B11: H | C11: T | D11: F | X11: B | Z11: F | AP11: R | AU11: Q | AW11: E
A12: H — یک لحظه، ده زاویه | B12: H | C12: T | D12: F | N12: F | X12: B | Y12: M | AH12: R | AL12: Q | AN12: E
A13: I — Short مشتق از ویدیوی بلند (۹:۱۶) | B13: F | D13: Q
A15: راهنمای رنگ:
A16: H — قلاب
A17: T — پیش‌نمایش/وعده
A18: C — زمینه
A19: F — فصل اصلی
A20: B — تنفس/جمع‌بندی کوتاه
A21: R — اوج/افشا
A22: M — لحظه‌ی انسانی
A23: Q — سؤال/دعوت
A24: E — پایان/اند‌اسکرین

Sheet مقایسه‌ی فرمت‌ها
A1: مقایسه‌ی فرمت‌ها و برآورد زمان رندر
A2: فرض‌ها (خانه‌های زرد را ویرایش کنید)
A3: فریم‌ریت ویدیو (fps) | B3: 30 | C3: استاندارد کانال
A4: سرعت رندر محلی (فریم بر ثانیه) | B4: 1.9 | C4: اندازه‌گیری‌شده ۱۵ اکتبر ۲۰۲۶: پروتوتایپ تخته‌ی گچی ۱.۶ fps و قلاب آرشیوی ۲.۲ fps (1920×1080، concurrency=2). پروژه‌ی اهواز ۳.۵ fps بود ولی فیلترهای SVG سنگین‌ترند
A5: سرعت رندر ابری GitHub Actions / Colab (فریم بر ثانیه) | B5: 6 | C5: فرض اولیه — باید بعد از اولین رندر آزمایشی اندازه‌گیری و جایگزین شود
A6: تعداد قطعه‌های موازی در ابر (jobs) | B6: 4 | C6: فرض: رندر تکه‌تکه‌ی ویدیو در چند job هم‌زمان (matrix) — محدودیت‌های پلن چک شود
A8: فرمت | B8: نمونه‌ی عنوان | C8: طول (دقیقه) | D8: ریتم انتشار | E8: ستون محتوایی | F8: ریسک حقوقی | G8: جمع تلاش | H8: رندر محلی (ساعت) | I8: رندر ابری (ساعت) | J8: تعداد بخش‌ها
A9: FS — The Full Story — زندگی‌نامه‌ی تصویرسازی‌شده (HERO) | B9: The Full Story of Johan Cruyff at Barça (Illustrated) | C9: ='FS داستان کامل'!B3*1440 -> 35 | D9: ماهانه | E9: HERO / همیشه‌سبز | F9: کم (عکس CC0 + تصویرسازی) | G9: ='FS داستان کامل'!E3 -> 30 | H9: =C9*60*$B$3/$B$4/3600 -> 9.2105263 | I9: =C9*60*$B$3/($B$5*$B$6)/3600 -> 0.72916667 | J9: =COUNTA('FS داستان کامل'!G5:G40) -> 13
A10: PL — Play Like Barça — آموزشی (CORE هفتگی) | B10: Play Like Pedri: The 3 Habits Nobody Teaches | C10: ='PL بازی مثل بارسا'!B3*1440 -> 10 | D10: هفتگی | E10: جستجو / همیشه‌سبز | F10: کم | G10: ='PL بازی مثل بارسا'!E3 -> 18 | H10: =C10*60*$B$3/$B$4/3600 -> 2.6315789 | I10: =C10*60*$B$3/($B$5*$B$6)/3600 -> 0.20833333 | J10: =COUNTA('PL بازی مثل بارسا'!G5:G40) -> 9
A11: A — تحلیل تاکتیکی بعد از بازی بزرگ (TX) | B11: The Tactics Behind [Clásico result] — Explained | C11: ='A تحلیل تاکتیکی'!B3*1440 -> 12 | D11: بعد از بازی‌های بزرگ (۴۸ ساعت) | E11: TIMELY / جستجو | F11: کم | G11: ='A تحلیل تاکتیکی'!E3 -> 24 | H11: =C11*60*$B$3/$B$4/3600 -> 3.1578947 | I11: =C11*60*$B$3/($B$5*$B$6)/3600 -> 0.25 | J11: =COUNTA('A تحلیل تاکتیکی'!G5:G40) -> 10
A12: B — کالبدشکافی بازیکن | B12: Why Lamine Yamal Is Impossible to Defend — Explained | C12: ='B کالبدشکافی بازیکن'!B3*1440 -> 15 | D12: دو هفته یک بار | E12: جستجو/همیشه‌سبز نسبی | F12: کم | G12: ='B کالبدشکافی بازیکن'!E3 -> 28 | H12: =C12*60*$B$3/$B$4/3600 -> 3.9473684 | I12: =C12*60*$B$3/($B$5*$B$6)/3600 -> 0.3125 | J12: =COUNTA('B کالبدشکافی بازیکن'!G5:G40) -> 11
A13: C — TM — بازی‌ای که… / مستند تاریخی بلند | B13: The 2-6: How Guardiola's Barça Broke Real Madrid | C13: ='C مستند تاریخی'!B3*1440 -> 25 | D13: ماهانه | E13: همیشه‌سبز/اعتبار | F13: کم-متوسط (عکس) | G13: ='C مستند تاریخی'!E3 -> 29 | H13: =C13*60*$B$3/$B$4/3600 -> 6.5789474 | I13: =C13*60*$B$3/($B$5*$B$6)/3600 -> 0.52083333 | J13: =COUNTA('C مستند تاریخی'!G5:G40) -> 11
A14: D — سری تاریخی «روایت با عکس» | B14: Barça Eras, Ep.1 — Johan Cruyff: The Man Who Built Barça | C14: ='D سری تاریخی با عکس'!B3*1440 -> 12 | D14: هفتگی/دو هفته (سری) | E14: همیشه‌سبز/سری | F14: کم (فقط عکس آزاد) | G14: ='D سری تاریخی با عکس'!E3 -> 22 | H14: =C14*60*$B$3/$B$4/3600 -> 3.1578947 | I14: =C14*60*$B$3/($B$5*$B$6)/3600 -> 0.25 | J14: =COUNTA('D سری تاریخی با عکس'!G5:G40) -> 10
A15: E — تاریخ شفاهی هوادار — فقط به‌صورت بخش داخل FS/TM | B15: Where Were You? The 6-1 Night, Told by Fans | C15: ='E تاریخ شفاهی هوادار'!B3*1440 -> 14 | D15: ماهانه | E15: جامعه/احساس | F15: متوسط (رضایت‌نامه) | G15: ='E تاریخ شفاهی هوادار'!E3 -> 21 | H15: =C15*60*$B$3/$B$4/3600 -> 3.6842105 | I15: =C15*60*$B$3/($B$5*$B$6)/3600 -> 0.29166667 | J15: =COUNTA('E تاریخ شفاهی هوادار'!G5:G40) -> 9
A16: F — WI — شبیه‌ساز شفاف «اگر…» | B16: What If Neymar Never Left? We Simulated 1,000 Seasons | C16: ='F شبیه‌ساز «اگر…»'!B3*1440 -> 14 | D16: ماهانه | E16: ویروسی/بحث | F16: کم (برچسب فرضی) | G16: ='F شبیه‌ساز «اگر…»'!E3 -> 20 | H16: =C16*60*$B$3/$B$4/3600 -> 3.6842105 | I16: =C16*60*$B$3/($B$5*$B$6)/3600 -> 0.29166667 | J16: =COUNTA('F شبیه‌ساز «اگر…»'!G5:G40) -> 9
A17: G — رتبه‌بندی / شمارش معکوس — ❌ حذف در دور ۲ (فقط مرجع) | B17: 10 Clásico Goals That Changed History | C17: ='G رتبه‌بندی'!B3*1440 -> 12 | D17: ماهانه | E17: کلیک/سرگرمی | F17: کم | G17: ='G رتبه‌بندی'!E3 -> 17 | H17: =C17*60*$B$3/$B$4/3600 -> 3.1578947 | I17: =C17*60*$B$3/($B$5*$B$6)/3600 -> 0.25 | J17: =COUNTA('G رتبه‌بندی'!G5:G40) -> 8
A18: H — یک لحظه، ده زاویه | B18: Iniesta, Stamford Bridge, 93rd Minute — 10 Angles on One Moment | C18: ='H یک لحظه ده زاویه'!B3*1440 -> 10 | D18: ماهانه | E18: امضای کانال | F18: کم | G18: ='H یک لحظه ده زاویه'!E3 -> 20 | H18: =C18*60*$B$3/$B$4/3600 -> 2.6315789 | I18: =C18*60*$B$3/($B$5*$B$6)/3600 -> 0.20833333 | J18: =COUNTA('H یک لحظه ده زاویه'!G5:G40) -> 9
A19: I — Short مشتق از ویدیوی بلند (۹:۱۶) | B19: The Offside Trap in 45 Seconds (from video A) | C19: ='I شورتز مشتق'!B3*1440 -> 0.75 | D19: ۲ تا ۳ عدد برای هر ویدیوی بلند | E19: قیف جذب | F19: کم | G19: ='I شورتز مشتق'!E3 -> 7 | H19: =C19*60*$B$3/$B$4/3600 -> 0.19736842 | I19: =C19*60*$B$3/($B$5*$B$6)/3600 -> 0.015625 | J19: =COUNTA('I شورتز مشتق'!G5:G40) -> 5
A21: رنگ سبز = فرمول/لینک به تب دیگر. رندر ابری = (طول × ۶۰ × fps) ÷ (سرعت ابری × تعداد job موازی). زمان آپلود و دانلود خروجی از ابر حساب نشده.

Sheet FS داستان کامل
A1: FS — The Full Story — زندگی‌نامه‌ی تصویرسازی‌شده (HERO)
A2: نمونه‌ی عنوان: The Full Story of Johan Cruyff at Barça (Illustrated) | ریتم انتشار: ماهانه | ستون محتوایی: HERO / همیشه‌سبز | ریسک حقوقی: کم (عکس CC0 + تصویرسازی)
A3: طول کل: | B3: =MAX(C5:C17) -> 0.024305556 | D3: جمع تلاش: | E3: =SUM(O5:O17) -> 30
A4: # | B4: شروع | C4: پایان | D4: مدت | E4: ٪ از کل | F4: نوع | G4: بخش | H4: هدف | I4: نمونه‌ی روایت (EN) | J4: تصویر روی صفحه | K4: کامپوننت‌های Remotion | L4: صدا/موزیک/SFX | M4: ترفند ماندگاری | N4: منبع/لایسنس | O4: تلاش ۱-۵
A5: 1 | B5: 0 | C5: 0.00034722222 | D5: =C5-B5 -> 0.00034722222 | E5: =IF($B$3=0,0,(C5-B5)/$B$3) -> 0.014285714 | F5: قلاب | G5: عکس آرشیوی ← تبدیل به تصویرسازی + یک ادعای بزرگ | H5: حس «سند» + کنجکاوی | I5: He changed this club twice — once with his feet, once with a whiteboard. | J5: عکس CC0 با وایپ به فیلتر جوهر/دوتون (پروتوتایپ StoryHook) | K5: IllustratedPhoto, Wipe, Halftone, Grain | L5: پیانو + صدای شاتر قدیمی | M5: تبدیل بصری عکس جلوی چشم | N5: Anefo/Nationaal Archief CC0 — licenses.tsv | O5: 3
A6: 2 | B6: 0.00034722222 | C6: 0.00081018519 | D6: =C6-B6 -> 0.00046296296 | E6: =IF($B$3=0,0,(C6-B6)/$B$3) -> 0.019047619 | F6: پیش‌نمایش/وعده | G6: نقشه‌ی سفر و سه پرده | H6: قول ساختار | I6: Three acts: the player, the exile, the architect. And one decision in 1988 that still shapes every Barça team. | J6: کارت سه پرده + فلش‌فوروارد سریع | K6: ActCards, MontageFlash | L6: موزیک اینترو بدون لوگو | M6: وعده‌ی «تصمیم ۱۹۸۸» | N6: — | O6: 2
A7: 3 | B7: 0.00081018519 | C7: 0.0034722222 | D7: =C7-B7 -> 0.002662037 | E7: =IF($B$3=0,0,(C7-B7)/$B$3) -> 0.10952381 | F7: زمینه | G7: ریشه‌ها: آمستردام، آژاکس، فوتبال توتال | H7: بنای شخصیت | I7: [Childhood fact]. A boy who lived [X] metres from the Ajax ground... | J7: نقشه + عکس‌های آزاد + تخته‌ی ساده‌ی فوتبال توتال | K7: MapRoute, IllustratedPhoto, Pitch | L7: موزیک دهه‌ی ۶۰ | M7: کاراکتر با خواسته و مانع | N7: حقایق عمومی + عکس آزاد | O7: 3
A8: 4 | B8: 0.0034722222 | C8: 0.0037037037 | D8: =C8-B8 -> 0.00023148148 | E8: =IF($B$3=0,0,(C8-B8)/$B$3) -> 0.0095238095 | F8: تنفس/جمع‌بندی کوتاه | G8: کارت «پرده‌ی ۱: بازیکن» | H8: ریست | I8: — | J8: ChapterTitle | K8: ChapterTitle | L8: سکوت کوتاه | M8: — | N8: — | O8: 1
A9: 5 | B9: 0.0037037037 | C9: 0.0083333333 | D9: =C9-B9 -> 0.0046296296 | E9: =IF($B$3=0,0,(C9-B9)/$B$3) -> 0.19047619 | F9: فصل اصلی | G9: ۱۹۷۳: انتقال، ۰-۵ برنابئو، قهرمانی | H9: اوج بازیکنی | I9: [Date]. The most expensive transfer in the world lands in a city that needed a reason to believe. | J9: تیتر روزنامه (بازسازی) + اسکوربورد قدیمی + عکس‌های CC0 بارسا ۱۹۷۴–۷۸ | K9: NewspaperHeadline, ScoreBug(retro), IllustratedPhoto | L9: جمعیت آرشیوی (CC0) | M9: نقطه‌ی اوج اول | N9: Mundo Deportivo (نقل کوتاه) + CC0 | O9: 4
A10: 6 | B10: 0.0083333333 | C10: 0.0085648148 | D10: =C10-B10 -> 0.00023148148 | E10: =IF($B$3=0,0,(C10-B10)/$B$3) -> 0.0095238095 | F10: تنفس/جمع‌بندی کوتاه | G10: «پرده‌ی ۲: تبعید» | H10: پرش زمانی | I10: — | J10: TimeJump | K10: TimeJump | L10: tick ساعت | M10: — | N10: — | O10: 1
A11: 7 | B11: 0.0085648148 | C11: 0.011805556 | D11: =C11-B11 -> 0.0032407407 | E11: =IF($B$3=0,0,(C11-B11)/$B$3) -> 0.13333333 | F11: فصل اصلی | G11: سال‌های دور: آمریکا، بازگشت به هلند | H11: لایه‌ی انسانی و شکست | I11: [Fact about later career]. Few expected him back in Barcelona. | J11: عکس‌های آزاد + تایم‌لاین | K11: Timeline, IllustratedPhoto | L11: موزیک تأملی | M11: تعلیق | N11: حقایق عمومی | O11: 3
A12: 8 | B12: 0.011805556 | C12: 0.012037037 | D12: =C12-B12 -> 0.00023148148 | E12: =IF($B$3=0,0,(C12-B12)/$B$3) -> 0.0095238095 | F12: تنفس/جمع‌بندی کوتاه | G12: «پرده‌ی ۳: معمار» — عکس CC0 خروج از اسخیپول به بارسلونا (۱۹۸۸) | H12: تحول | I12: 1988. Schiphol airport. A one-way ticket. | J12: عکس CC0 cruyff-01 | K12: IllustratedPhoto | L12: پیانو | M12: عکس واقعی همان لحظه | N12: CC0 (Rob Croes/Anefo) | O12: 1
A13: 9 | B13: 0.012037037 | C13: 0.018055556 | D13: =C13-B13 -> 0.0060185185 | E13: =IF($B$3=0,0,(C13-B13)/$B$3) -> 0.24761905 | F13: فصل اصلی | G13: تیم رؤیایی: ۳-۴-۳، ومبلی ۱۹۹۲ | H13: اوج مربیگری + آموزش سیستم | I13: His team attacked with a back three and a goalkeeper who played like a defender. | J13: تخته‌ی گچی ۳-۴-۳، حرکت مثلث‌ها، بازسازی گل ومبلی (از حقایق عمومی) | K13: Pitch, Formation, Arrow, ScoreBug | L13: موزیک حماسی | M13: بازسازی لحظه‌ی بزرگ | N13: حقایق عمومی | O13: 5
A14: 10 | B14: 0.018055556 | C14: 0.021527778 | D14: =C14-B14 -> 0.0034722222 | E14: =IF($B$3=0,0,(C14-B14)/$B$3) -> 0.14285714 | F14: اوج/افشا | G14: میراث: ماسیا، گواردیولا، امروز | H14: پرداخت وعده‌ی «تصمیم ۱۹۸۸» | I14: That decision in 1988 is why [current player] plays the way he does tonight. | J14: شجره‌ی تأثیر تا بازیکنان امروز | K14: InfluenceTree | L14: موزیک اوج | M14: اتصال گذشته به امروز | N14: حقایق عمومی | O14: 3
A15: 11 | B15: 0.021527778 | C15: 0.023263889 | D15: =C15-B15 -> 0.0017361111 | E15: =IF($B$3=0,0,(C15-B15)/$B$3) -> 0.071428571 | F15: لحظه‌ی انسانی | G15: خاطره‌ی هوادار / نقل‌قول کوتاه | H15: احساس | I15: "[Fan memory]" — [name], [city]. | J15: پارالاکس عمق روی آخرین عکس + کارت نقل | K15: ParallaxPhoto(depth), QuoteCard | L15: پیانو | M15: سکوت در پایان | N15: فرم رضایت | O15: 2
A16: 12 | B16: 0.023263889 | C16: 0.023726852 | D16: =C16-B16 -> 0.00046296296 | E16: =IF($B$3=0,0,(C16-B16)/$B$3) -> 0.019047619 | F16: سؤال/دعوت | G16: قسمت بعد را انتخاب کنید | H16: کامنت + جهت سری | I16: Who gets the next Full Story — Kubala, Ronaldinho, or Xavi? | J16: سه کارت گزینه | K16: PollCards | L16: — | M16: مشارکت | N16: — | O16: 1
A17: 13 | B17: 0.023726852 | C17: 0.024305556 | D17: =C17-B17 -> 0.0005787037 | E17: =IF($B$3=0,0,(C17-B17)/$B$3) -> 0.023809524 | F17: پایان/اند‌اسکرین | G17: اند‌اسکرین | H17: ارجاع | I17: The night his idea finally won everything — the 2-6 — is right here. | J17: EndScreen | K17: EndScreen | L17: امضا | M17: — | N17: — | O17: 1
A19: نکته: شروع/پایان (آبی) را ویرایش کنید؛ مدت و درصد خودکار حساب می‌شوند. [ ] = حقیقتی که باید از فکت‌شیت منبع‌دار پر شود.

Sheet PL بازی مثل بارسا
A1: PL — Play Like Barça — آموزشی (CORE هفتگی)
A2: نمونه‌ی عنوان: Play Like Pedri: The 3 Habits Nobody Teaches | ریتم انتشار: هفتگی | ستون محتوایی: جستجو / همیشه‌سبز | ریسک حقوقی: کم
A3: طول کل: | B3: =MAX(C5:C13) -> 0.0069444444 | D3: جمع تلاش: | E3: =SUM(O5:O13) -> 18
A4: # | B4: شروع | C4: پایان | D4: مدت | E4: ٪ از کل | F4: نوع | G4: بخش | H4: هدف | I4: نمونه‌ی روایت (EN) | J4: تصویر روی صفحه | K4: کامپوننت‌های Remotion | L4: صدا/موزیک/SFX | M4: ترفند ماندگاری | N4: منبع/لایسنس | O4: تلاش ۱-۵
A5: 1 | B5: 0 | C5: 0.00013888889 | D5: =C5-B5 -> 0.00013888889 | E5: =IF($B$3=0,0,(C5-B5)/$B$3) -> 0.02 | F5: قلاب | G5: خطای رایج در برابر عادت پدری | H5: ارزش فوری برای بازیکن | I5: Most midfielders look at the ball. Pedri looks at everything else first. | J5: دو مهره کنار هم: یکی بدون اسکن، یکی با قوس‌های اسکن | K5: Token, ScanArcs, SplitPitch | L5: ضربه + whoosh | M5: مقایسه‌ی فوری | N5: انیمیشن خودمان | O5: 2
A6: 2 | B6: 0.00013888889 | C6: 0.00040509259 | D6: =C6-B6 -> 0.0002662037 | E6: =IF($B$3=0,0,(C6-B6)/$B$3) -> 0.038333333 | F6: پیش‌نمایش/وعده | G6: سه عادت + تمرین در پایان | H6: قول مشخص و کاربردی | I6: Three habits — and a 10-minute drill at the end you can do tomorrow. | J6: سه کارت عادت + آیکون تمرین | K6: HabitCards | L6: موزیک ریتمیک | M6: وعده‌ی تمرین (نگه‌داشت تا آخر) | N6: — | O6: 1
A7: 3 | B7: 0.00040509259 | C7: 0.0020833333 | D7: =C7-B7 -> 0.0016782407 | E7: =IF($B$3=0,0,(C7-B7)/$B$3) -> 0.24166667 | F7: فصل اصلی | G7: عادت ۱: اسکن قبل از دریافت | H7: آموزش یک اصل | I7: Before the ball arrives: left shoulder, right shoulder, then receive. | J7: قوس‌های اسکن، شمارنده‌ی نگاه، فریز | K7: Token, ScanArcs, Counter, Freeze | L7: SFX گچ | M7: شمارش اسکن روی صفحه | N7: اصول عمومی مربیگری | O7: 3
A8: 4 | B8: 0.0020833333 | C8: 0.0037037037 | D8: =C8-B8 -> 0.0016203704 | E8: =IF($B$3=0,0,(C8-B8)/$B$3) -> 0.23333333 | F8: فصل اصلی | G8: عادت ۲: بدن باز (half-turn) | H8: آموزش یک اصل | I8: Receive on the half-turn and the whole pitch opens in front of you. | J8: زاویه‌ی بدن با نقاله، دو گزینه‌ی پاس | K8: Token, Protractor, Arrow | L8: — | M8: نقاله و زاویه | N8: اصول عمومی | O8: 3
A9: 5 | B9: 0.0037037037 | C9: 0.0038773148 | D9: =C9-B9 -> 0.00017361111 | E9: =IF($B$3=0,0,(C9-B9)/$B$3) -> 0.025 | F9: تنفس/جمع‌بندی کوتاه | G9: جمع‌بندی ۲ عادت | H9: ریست | I9: — | J9: کارت | K9: ChapterTitle | L9: — | M9: — | N9: — | O9: 1
A10: 6 | B10: 0.0038773148 | C10: 0.0053240741 | D10: =C10-B10 -> 0.0014467593 | E10: =IF($B$3=0,0,(C10-B10)/$B$3) -> 0.20833333 | F10: فصل اصلی | G10: عادت ۳: پاس بعدی را آسان کن | H10: عمیق‌ترین ایده | I10: The best pass is the one that makes the next pass easy. | J10: زنجیره‌ی پاس شماره‌گذاری‌شده | K10: PassChain, Arrow | L10: موزیک اوج | M10: ایده‌ی «آها» | N10: اصول عمومی | O10: 3
A11: 7 | B11: 0.0053240741 | C11: 0.0065972222 | D11: =C11-B11 -> 0.0012731481 | E11: =IF($B$3=0,0,(C11-B11)/$B$3) -> 0.18333333 | F11: اوج/افشا | G11: تمرین ۱۰ دقیقه‌ای (rondo/اسکن) | H11: پرداخت وعده | I11: Set up four cones like this. Every time you receive, call out the colour behind you. | J11: دیاگرام تمرین متحرک + تایمر | K11: DrillDiagram, Timer | L11: موزیک ریتمیک | M11: کاربردی و قابل ذخیره (save) | N11: طراحی خودمان (بازبینی مربی) | O11: 3
A12: 8 | B12: 0.0065972222 | C12: 0.0068287037 | D12: =C12-B12 -> 0.00023148148 | E12: =IF($B$3=0,0,(C12-B12)/$B$3) -> 0.033333333 | F12: سؤال/دعوت | G12: «کدام بازیکن بعدی؟» | H12: کامنت | I12: Which Barça player should we break down next? | J12: کارت سؤال | K12: QuestionCard | L12: — | M12: — | N12: — | O12: 1
A13: 9 | B13: 0.0068287037 | C13: 0.0069444444 | D13: =C13-B13 -> 0.00011574074 | E13: =IF($B$3=0,0,(C13-B13)/$B$3) -> 0.016666667 | F13: پایان/اند‌اسکرین | G13: اند‌اسکرین | H13: ارجاع | I13: Now learn how Lamine beats a defender before the touch. | J13: EndScreen | K13: EndScreen | L13: امضا | M13: — | N13: — | O13: 1
A15: نکته: شروع/پایان (آبی) را ویرایش کنید؛ مدت و درصد خودکار حساب می‌شوند. [ ] = حقیقتی که باید از فکت‌شیت منبع‌دار پر شود.

Sheet A تحلیل تاکتیکی
A1: A — تحلیل تاکتیکی بعد از بازی بزرگ (TX)
A2: نمونه‌ی عنوان: The Tactics Behind [Clásico result] — Explained | ریتم انتشار: بعد از بازی‌های بزرگ (۴۸ ساعت) | ستون محتوایی: TIMELY / جستجو | ریسک حقوقی: کم
A3: طول کل: | B3: =MAX(C5:C14) -> 0.0083333333 | D3: جمع تلاش: | E3: =SUM(O5:O14) -> 24
A4: # | B4: شروع | C4: پایان | D4: مدت | E4: ٪ از کل | F4: نوع | G4: بخش | H4: هدف | I4: نمونه‌ی روایت (EN) | J4: تصویر روی صفحه | K4: کامپوننت‌های Remotion | L4: صدا/موزیک/SFX | M4: ترفند ماندگاری | N4: منبع/لایسنس | O4: تلاش ۱-۵
A5: 1 | B5: 0 | C5: 0.00017361111 | D5: =C5-B5 -> 0.00017361111 | E5: =IF($B$3=0,0,(C5-B5)/$B$3) -> 0.020833333 | F5: قلاب | G5: بازسازی یک ضدحمله‌ی خطرناک | H5: در ۱۵ ثانیه ارزش ویدیو را نشان بده | I5: One step. That's the distance between Barça's best weapon and their biggest risk. | J5: تخته‌ی گچی: خط دفاعی بالا، یک پاس بلند، ایست روی آفساید | K5: Pitch, PlayerDot, Arrow, OffsideLine, Freeze | L5: ضربه‌ی بیس + سکوت ناگهانی | M5: قطع ناگهانی تصویر در لحظه‌ی حساس | N5: انیمیشن خودمان | O5: 3
A6: 2 | B6: 0.00017361111 | C6: 0.00052083333 | D6: =C6-B6 -> 0.00034722222 | E6: =IF($B$3=0,0,(C6-B6)/$B$3) -> 0.041666667 | F6: پیش‌نمایش/وعده | G6: سه کلید بازی | H6: قول مشخص: ۳ چیز یاد می‌گیری | I6: Three things will decide Sunday. The third one is the one nobody's talking about. | J6: سه کارت شماره‌دار که یکی‌یکی می‌آیند؛ سومی مات | K6: StatCard x3, ChapterTitle | L6: موزیک ریتمیک ملایم | M6: ایجاد کنجکاوی برای کلید سوم | N6: — | O6: 1
A7: 3 | B7: 0.00052083333 | C7: 0.0012152778 | D7: =C7-B7 -> 0.00069444444 | E7: =IF($B$3=0,0,(C7-B7)/$B$3) -> 0.083333333 | F7: زمینه | G7: فرم، جدول، مصدومیت‌ها | H7: بیننده را در وضعیت فعلی قرار بده | I7: Barça arrive [X] points clear, but without [injured player] the right side looks different. | J7: جدول لیگ متحرک، کارت مصدومان، ترکیب احتمالی | K7: Table, LineupCard, InjuryTag | L7: موزیک زیر صدا (−20dB) | M7: اعداد با شمارنده‌ی متحرک | N7: حقایق عمومی + منبع | O7: 2
A8: 4 | B8: 0.0012152778 | C8: 0.0029513889 | D8: =C8-B8 -> 0.0017361111 | E8: =IF($B$3=0,0,(C8-B8)/$B$3) -> 0.20833333 | F8: فصل اصلی | G8: کلید ۱: خط بالا و تله‌ی آفساید | H8: شواهد تاکتیکی با ۲ تا ۳ صحنه‌ی بازسازی‌شده | I8: Watch the back four. They don't drop when the ball-carrier lifts his head — they step. | J8: ۳ سکانس بازسازی‌شده + زوم روی فاصله‌ها + خط‌کش متری | K8: Pitch, PlayerDot(keyframes), Zone, Ruler, OffsideLine | L8: SFX کشیدن گچ، whoosh روی زوم | M8: تغییر زاویه‌ی دوربین هر ۲۰ تا ۳۰ ثانیه | N8: کدگذاری دستی صحنه‌ها | O8: 4
A9: 5 | B9: 0.0029513889 | C9: 0.003125 | D9: =C9-B9 -> 0.00017361111 | E9: =IF($B$3=0,0,(C9-B9)/$B$3) -> 0.020833333 | F9: تنفس/جمع‌بندی کوتاه | G9: جمع‌بندی کلید ۱ | H9: ریست توجه | I9: So that is key one: the line is a weapon, and a gamble. | J9: کارت خلاصه‌ی یک‌خطی | K9: ChapterTitle | L9: افت موزیک | M9: مکث کوتاه قبل از فصل بعد | N9: — | O9: 1
A10: 6 | B10: 0.003125 | C10: 0.0046875 | D10: =C10-B10 -> 0.0015625 | E10: =IF($B$3=0,0,(C10-B10)/$B$3) -> 0.1875 | F10: فصل اصلی | G10: کلید ۲: دوئل یامال با جناح چپ حریف | H10: تقابل بازیکن به بازیکن | I10: [Full-back] has faced Lamine [X] times. Here is what he tried, and what happened. | J10: تصویر تقسیم‌شده: دو مهره، مسیرهای حرکت، نقشه‌ی گرمایی ساده | K10: PlayerDot, Trail, Heatmap(manual), SplitScreen | L10: موزیک کمی بالاتر | M10: مقایسه‌ی تصویری دو نفر | N10: داده‌ی پایه + مشاهده | O10: 4
A11: 7 | B11: 0.0046875 | C11: 0.00625 | D11: =C11-B11 -> 0.0015625 | E11: =IF($B$3=0,0,(C11-B11)/$B$3) -> 0.1875 | F11: فصل اصلی | G11: کلید ۳: تهدید ضدحمله‌ی حریف | H11: کلید غافلگیرکننده (همان وعده‌ی قلاب) | I11: This is the one nobody talks about: the second ball after the press is broken. | J11: بازسازی ۲ ضدحمله؛ ناحیه‌ی خالی پشت خط | K11: Zone, Arrow(path draw), Ghost players | L11: ضربان قلب ملایم (SFX) | M11: پاسخ به کنجکاوی ابتدای ویدیو | N11: کدگذاری دستی | O11: 4
A12: 8 | B12: 0.00625 | C12: 0.0072916667 | D12: =C12-B12 -> 0.0010416667 | E12: =IF($B$3=0,0,(C12-B12)/$B$3) -> 0.125 | F12: اوج/افشا | G12: دو سناریو: برد بارسا / باخت بارسا | H12: جمع‌بندی تحلیلی با تصویر | I12: If Barça win, it looks like this. If they lose, it will almost certainly look like this. | J12: تخته‌ی دو نیمه: سناریو A و B | K12: SplitPitch, ScenarioTag | L12: موزیک اوج | M12: دو تصویر متضاد | N12: — | O12: 3
A13: 9 | B13: 0.0072916667 | C13: 0.0078703704 | D13: =C13-B13 -> 0.0005787037 | E13: =IF($B$3=0,0,(C13-B13)/$B$3) -> 0.069444444 | F13: سؤال/دعوت | G13: پیش‌بینی نتیجه | H13: کامنت گرفتن | I13: Give me your score prediction. I will pin the closest one after the match. | J13: کارت نتیجه‌ی خالی ؟ - ؟ | K13: ScoreBug | L13: موزیک کم | M13: وعده‌ی پین کامنت | N13: — | O13: 1
A14: 10 | B14: 0.0078703704 | C14: 0.0083333333 | D14: =C14-B14 -> 0.00046296296 | E14: =IF($B$3=0,0,(C14-B14)/$B$3) -> 0.055555556 | F14: پایان/اند‌اسکرین | G14: اند‌اسکرین | H14: ارجاع به ویدیوی بعدی | I14: If you want to see how the 2-6 was built, that story is right here. | J14: دو کارت ویدیو + سابسکرایب | K14: EndScreen | L14: موزیک امضای کانال | M14: اند‌اسکرین هدفمند | N14: — | O14: 1
A16: نکته: شروع/پایان (آبی) را ویرایش کنید؛ مدت و درصد خودکار حساب می‌شوند. [ ] = حقیقتی که باید از فکت‌شیت منبع‌دار پر شود.

Sheet B کالبدشکافی بازیکن
A1: B — کالبدشکافی بازیکن
A2: نمونه‌ی عنوان: Why Lamine Yamal Is Impossible to Defend — Explained | ریتم انتشار: دو هفته یک بار | ستون محتوایی: جستجو/همیشه‌سبز نسبی | ریسک حقوقی: کم
A3: طول کل: | B3: =MAX(C5:C15) -> 0.010416667 | D3: جمع تلاش: | E3: =SUM(O5:O15) -> 28
A4: # | B4: شروع | C4: پایان | D4: مدت | E4: ٪ از کل | F4: نوع | G4: بخش | H4: هدف | I4: نمونه‌ی روایت (EN) | J4: تصویر روی صفحه | K4: کامپوننت‌های Remotion | L4: صدا/موزیک/SFX | M4: ترفند ماندگاری | N4: منبع/لایسنس | O4: تلاش ۱-۵
A5: 1 | B5: 0 | C5: 0.00023148148 | D5: =C5-B5 -> 0.00023148148 | E5: =IF($B$3=0,0,(C5-B5)/$B$3) -> 0.022222222 | F5: قلاب | G5: یک حرکت، فریم به فریم | H5: «چطور این کار را می‌کند؟» | I5: Watch his hips, not the ball. The defender is already beaten here — half a second before the touch. | J5: بازسازی یک دریبل با ghost trail و اسلوموشن | K5: PlayerDot, GhostTrail, SlowMo, Freeze | L5: tick-tick ساعت + whoosh | M5: اسلوموشن و توقف | N5: انیمیشن خودمان | O5: 4
A6: 2 | B6: 0.00023148148 | C6: 0.0005787037 | D6: =C6-B6 -> 0.00034722222 | E6: =IF($B$3=0,0,(C6-B6)/$B$3) -> 0.033333333 | F6: پیش‌نمایش/وعده | G6: سه راز | H6: قول مشخص | I6: There are three things defenders cannot fix. The last one is not physical at all. | J6: سه آیکون قفل‌شده | K6: StatCard x3 | L6: موزیک ریتمیک | M6: کنجکاوی | N6: — | O6: 1
A7: 3 | B7: 0.0005787037 | C7: 0.0017361111 | D7: =C7-B7 -> 0.0011574074 | E7: =IF($B$3=0,0,(C7-B7)/$B$3) -> 0.11111111 | F7: زمینه | G7: مسیر: ماسیا تا تیم اول | H7: داستان انسانی کوتاه | I7: [Year]: a kid from [neighbourhood] walks into La Masia... | J7: تایم‌لاین + عکس آزاد (CC) با پارالاکس | K7: Timeline, ParallaxPhoto, MapPin | L7: موزیک احساسی ملایم | M7: شروع داستان شخصی | N7: عکس CC BY/CC0 + ثبت لایسنس | O7: 3
A8: 4 | B8: 0.0017361111 | C8: 0.0038194444 | D8: =C8-B8 -> 0.0020833333 | E8: =IF($B$3=0,0,(C8-B8)/$B$3) -> 0.2 | F8: فصل اصلی | G8: راز ۱: فریب بدن و برش به داخل | H8: تحلیل تکنیک | I8: Every defender knows he cuts inside. Here is why knowing does not help. | J8: ۳ نمونه کنار هم؛ زاویه‌ی بدن با نقاله | K8: PlayerDot, Protractor, SplitScreen | L8: SFX گچ | M8: نقاله و اندازه‌گیری، حس علمی | N8: کدگذاری دستی | O8: 4
A9: 5 | B9: 0.0038194444 | C9: 0.0039930556 | D9: =C9-B9 -> 0.00017361111 | E9: =IF($B$3=0,0,(C9-B9)/$B$3) -> 0.016666667 | F9: تنفس/جمع‌بندی کوتاه | G9: جمع‌بندی ۱ | H9: ریست | I9: Secret one: the decision is made before the touch. | J9: کارت | K9: ChapterTitle | L9: افت موزیک | M9: — | N9: — | O9: 1
A10: 6 | B10: 0.0039930556 | C10: 0.0060763889 | D10: =C10-B10 -> 0.0020833333 | E10: =IF($B$3=0,0,(C10-B10)/$B$3) -> 0.2 | F10: فصل اصلی | G10: راز ۲: کجا توپ می‌گیرد | H10: موقعیت‌یابی بین خطوط | I10: He receives where nobody is responsible for him: between the lines, on the half-turn. | J10: نقشه‌ی مناطق دریافت (دستی) + سایه‌ی مسئولیت مدافعان | K10: Zone, Heatmap(manual), ShadowCover | L10: موزیک متوسط | M10: تصویرسازی مفهوم «منطقه‌ی بی‌صاحب» | N10: مشاهده‌ی خودمان | O10: 4
A11: 7 | B11: 0.0060763889 | C11: 0.0079861111 | D11: =C11-B11 -> 0.0019097222 | E11: =IF($B$3=0,0,(C11-B11)/$B$3) -> 0.18333333 | F11: فصل اصلی | G11: راز ۳: تصمیم‌گیری (غیرفیزیکی) | H11: پاسخ به وعده‌ی قلاب | I11: The third secret: he chooses the pass that makes the next pass easy. | J11: زنجیره‌ی پاس با شماره‌گذاری | K11: PassChain, Arrow(path draw) | L11: موزیک اوج | M11: پرداخت وعده | N11: آمار پایه + مشاهده | O11: 4
A12: 8 | B12: 0.0079861111 | C12: 0.0090277778 | D12: =C12-B12 -> 0.0010416667 | E12: =IF($B$3=0,0,(C12-B12)/$B$3) -> 0.1 | F12: اوج/افشا | G12: مدافع‌ها چه می‌کنند و چرا شکست می‌خورند | H12: نقشه‌ی ضد | I12: Here is the plan most teams try. And here is the exact moment it breaks. | J12: دو مدافع / دوبل‌کاور و شکافش | K12: PlayerDot, Zone, Freeze | L12: ضربه‌ی بیس | M12: لحظه‌ی «آها» | N12: — | O12: 3
A13: 9 | B13: 0.0090277778 | C13: 0.0098958333 | D13: =C13-B13 -> 0.00086805556 | E13: =IF($B$3=0,0,(C13-B13)/$B$3) -> 0.083333333 | F13: لحظه‌ی انسانی | G13: مقایسه‌ی منصفانه با گذشته | H13: زاویه‌ی میراث | I13: At the same age, [legend] had [fact]. Different paths, same question. | J13: کارت‌های مقایسه + نقل‌قول کوتاه با منبع | K13: QuoteCard, StatCompare | L13: موزیک احساسی | M13: نقل‌قول واقعی با منبع | N13: حقیقت عمومی + منبع | O13: 2
A14: 10 | B14: 0.0098958333 | C14: 0.010185185 | D14: =C14-B14 -> 0.00028935185 | E14: =IF($B$3=0,0,(C14-B14)/$B$3) -> 0.027777778 | F14: سؤال/دعوت | G14: سؤال | H14: کامنت | I14: Which of the three secrets did you notice first? Tell me below. | J14: کارت سؤال | K14: QuestionCard | L14: — | M14: — | N14: — | O14: 1
A15: 11 | B15: 0.010185185 | C15: 0.010416667 | D15: =C15-B15 -> 0.00023148148 | E15: =IF($B$3=0,0,(C15-B15)/$B$3) -> 0.022222222 | F15: پایان/اند‌اسکرین | G15: اند‌اسکرین | H15: ارجاع | I15: The player who taught him that move? His story is here. | J15: EndScreen | K15: EndScreen | L15: امضا | M15: — | N15: — | O15: 1
A17: نکته: شروع/پایان (آبی) را ویرایش کنید؛ مدت و درصد خودکار حساب می‌شوند. [ ] = حقیقتی که باید از فکت‌شیت منبع‌دار پر شود.

Sheet C مستند تاریخی
A1: C — TM — بازی‌ای که… / مستند تاریخی بلند
A2: نمونه‌ی عنوان: The 2-6: How Guardiola's Barça Broke Real Madrid | ریتم انتشار: ماهانه | ستون محتوایی: همیشه‌سبز/اعتبار | ریسک حقوقی: کم-متوسط (عکس)
A3: طول کل: | B3: =MAX(C5:C15) -> 0.017361111 | D3: جمع تلاش: | E3: =SUM(O5:O15) -> 29
A4: # | B4: شروع | C4: پایان | D4: مدت | E4: ٪ از کل | F4: نوع | G4: بخش | H4: هدف | I4: نمونه‌ی روایت (EN) | J4: تصویر روی صفحه | K4: کامپوننت‌های Remotion | L4: صدا/موزیک/SFX | M4: ترفند ماندگاری | N4: منبع/لایسنس | O4: تلاش ۱-۵
A5: 1 | B5: 0 | C5: 0.00034722222 | D5: =C5-B5 -> 0.00034722222 | E5: =IF($B$3=0,0,(C5-B5)/$B$3) -> 0.02 | F5: قلاب | G5: تیتر روزنامه‌ی فردای بازی | H5: حس «سند تاریخی» | I5: 2 May 2009. The next morning, the headline needed only [N] words. | J5: بازسازی تایپوگرافی تیتر + صدای چاپخانه | K5: NewspaperHeadline, Grain, Vignette | L5: صدای جمعیت دور + چاپخانه | M5: تیتر واقعی (نقل کوتاه) | N5: آرشیو Mundo Deportivo (نقل کوتاه+منبع) | O5: 3
A6: 2 | B6: 0.00034722222 | C6: 0.0010416667 | D6: =C6-B6 -> 0.00069444444 | E6: =IF($B$3=0,0,(C6-B6)/$B$3) -> 0.04 | F6: پیش‌نمایش/وعده | G6: تز ویدیو | H6: ادعای اصلی | I6: This was not a win. It was a manifesto — and you can still see it in every team that presses today. | J6: چند فریم از آینده‌ی ویدیو (مونتاژ سریع) | K6: MontageFlash | L6: موزیک اینترو بدون لوگو | M6: وعده‌ی بزرگ | N6: — | O6: 2
A7: 3 | B7: 0.0010416667 | C7: 0.003125 | D7: =C7-B7 -> 0.0020833333 | E7: =IF($B$3=0,0,(C7-B7)/$B$3) -> 0.12 | F7: زمینه | G7: پرده‌ی ۱: بحران ۲۰۰۸ و انتخاب گواردیولا | H7: بنای داستان | I7: [Context]: a dressing room in decline, and a coach with [N] games of experience. | J7: تایم‌لاین + عکس‌های آزاد + نقل‌قول‌های کوتاه | K7: Timeline, ParallaxPhoto, QuoteCard | L7: موزیک تیره | M7: ریسک و تعلیق | N7: عکس CC + منابع کتاب (فقط تحقیق) | O7: 3
A8: 4 | B8: 0.003125 | C8: 0.0034722222 | D8: =C8-B8 -> 0.00034722222 | E8: =IF($B$3=0,0,(C8-B8)/$B$3) -> 0.02 | F8: تنفس/جمع‌بندی کوتاه | G8: کارت فصل «Act II» | H8: ریست | I8: — | J8: کارت عنوان پرده | K8: ChapterTitle | L8: سکوت کوتاه | M8: نقطه‌ی ورود دوباره | N8: — | O8: 1
A9: 5 | B9: 0.0034722222 | C9: 0.00625 | D9: =C9-B9 -> 0.0027777778 | E9: =IF($B$3=0,0,(C9-B9)/$B$3) -> 0.16 | F9: فصل اصلی | G9: پرده‌ی ۲: سیستم | H9: توضیح ایده (false 9، پرس) | I9: The idea was simple to draw and almost impossible to stop. | J9: تخته‌ی گچی: شکل تیم، حرکت مسی به مرکز | K9: Pitch, Formation, Arrow, Zone | L9: SFX گچ | M9: آموزش مفهوم با انیمیشن | N9: کدگذاری از روی منابع عمومی | O9: 4
A10: 6 | B10: 0.00625 | C10: 0.010416667 | D10: =C10-B10 -> 0.0041666667 | E10: =IF($B$3=0,0,(C10-B10)/$B$3) -> 0.24 | F10: فصل اصلی | G10: پرده‌ی ۳: بازی، گل به گل | H10: اوج روایت | I10: Minute [X]. [Player] receives... and the Bernabéu goes silent. | J10: ۶ گل بازسازی‌شده + اسکوربورد + ساعت | K10: ScoreBug, Pitch, PlayerDot, Clock | L10: جمعیت + موزیک حماسی | M10: ریتم سریع، هر گل یک مینی‌داستان | N10: حقایق عمومی (دقیقه/گلزن) | O10: 5
A11: 7 | B11: 0.010416667 | C11: 0.010763889 | D11: =C11-B11 -> 0.00034722222 | E11: =IF($B$3=0,0,(C11-B11)/$B$3) -> 0.02 | F11: تنفس/جمع‌بندی کوتاه | G11: روزنامه‌ها فردای آن روز | H11: مکث و بازتاب | I11: Across Spain the next day, the reaction was [summary]. | J11: کلاژ تیترها (بازسازی) | K11: NewspaperHeadline x3 | L11: — | M11: سند | N11: نقل کوتاه + منبع | O11: 2
A12: 8 | B12: 0.010763889 | C12: 0.013541667 | D12: =C12-B12 -> 0.0027777778 | E12: =IF($B$3=0,0,(C12-B12)/$B$3) -> 0.16 | F12: فصل اصلی | G12: پرده‌ی ۴: سه‌گانه و پیامد | H12: بزرگ کردن قاب | I12: Within [N] weeks, the same idea won everything. | J12: نقشه‌ی جام‌ها، تایم‌لاین فصل | K12: Timeline, TrophyCount | L12: موزیک پیروزی | M12: شمارنده‌ی جام‌ها | N12: حقایق عمومی | O12: 3
A13: 9 | B13: 0.013541667 | C13: 0.015625 | D13: =C13-B13 -> 0.0020833333 | E13: =IF($B$3=0,0,(C13-B13)/$B$3) -> 0.12 | F13: اوج/افشا | G13: چه چیزی را در فوتبال عوض کرد | H13: ادعای تحلیلی بزرگ | I13: Look at how teams pressed before 2009, and after. | J13: نمودار شجره‌ی تأثیر (مربیان و تیم‌ها) | K13: InfluenceTree, Arrow | L13: موزیک تأملی | M13: ارتباط گذشته با امروز | N13: حقایق عمومی + منبع | O13: 3
A14: 10 | B14: 0.015625 | C14: 0.016898148 | D14: =C14-B14 -> 0.0012731481 | E14: =IF($B$3=0,0,(C14-B14)/$B$3) -> 0.073333333 | F14: لحظه‌ی انسانی | G14: پایان انسانی | H14: احساس | I14: A fan who was in the stadium that night wrote to us: "[quote]". | J14: عکس آزاد/پارالاکس + نقل هوادار (با رضایت) | K14: ParallaxPhoto, QuoteCard | L14: پیانو | M14: لحظه‌ی احساسی | N14: خاطره‌ی هوادار با فرم رضایت | O14: 2
A15: 11 | B15: 0.016898148 | C15: 0.017361111 | D15: =C15-B15 -> 0.00046296296 | E15: =IF($B$3=0,0,(C15-B15)/$B$3) -> 0.026666667 | F15: پایان/اند‌اسکرین | G15: اند‌اسکرین | H15: ارجاع | I15: The man who planted this idea 20 years earlier? His story is next. | J15: EndScreen | K15: EndScreen | L15: امضا | M15: — | N15: — | O15: 1
A17: نکته: شروع/پایان (آبی) را ویرایش کنید؛ مدت و درصد خودکار حساب می‌شوند. [ ] = حقیقتی که باید از فکت‌شیت منبع‌دار پر شود.

Sheet D سری تاریخی با عکس
A1: D — سری تاریخی «روایت با عکس»
A2: نمونه‌ی عنوان: Barça Eras, Ep.1 — Johan Cruyff: The Man Who Built Barça | ریتم انتشار: هفتگی/دو هفته (سری) | ستون محتوایی: همیشه‌سبز/سری | ریسک حقوقی: کم (فقط عکس آزاد)
A3: طول کل: | B3: =MAX(C5:C14) -> 0.0083333333 | D3: جمع تلاش: | E3: =SUM(O5:O14) -> 22
A4: # | B4: شروع | C4: پایان | D4: مدت | E4: ٪ از کل | F4: نوع | G4: بخش | H4: هدف | I4: نمونه‌ی روایت (EN) | J4: تصویر روی صفحه | K4: کامپوننت‌های Remotion | L4: صدا/موزیک/SFX | M4: ترفند ماندگاری | N4: منبع/لایسنس | O4: تلاش ۱-۵
A5: 1 | B5: 0 | C5: 0.00023148148 | D5: =C5-B5 -> 0.00023148148 | E5: =IF($B$3=0,0,(C5-B5)/$B$3) -> 0.027777778 | F5: قلاب | G5: یک عکس آرشیوی + نقل‌قول | H5: حس سند و احساس | I5: "[Short real quote]" — said a man who would change this club twice. | J5: عکس Anefo با پارالاکس عمیق؛ کارت نقل‌قول | K5: ParallaxPhoto(depth), QuoteCard, Grain | L5: پیانو + صدای فلاش دوربین قدیمی | M5: پارالاکس واقعی (امضای بصری) | N5: Commons/Anefo (CC0/CC BY-SA) — ثبت لایسنس | O5: 3
A6: 2 | B6: 0.00023148148 | C6: 0.00046296296 | D6: =C6-B6 -> 0.00023148148 | E6: =IF($B$3=0,0,(C6-B6)/$B$3) -> 0.027777778 | F6: پیش‌نمایش/وعده | G6: تیتراژ سری | H6: برند سری | I6: Barça Eras. Episode one. | J6: کارت عنوان سری (تایپوگرافی ثابت) | K6: SeriesTitle | L6: موزیک امضای سری | M6: تکرار برند در همه‌ی قسمت‌ها | N6: — | O6: 1
A7: 3 | B7: 0.00046296296 | C7: 0.0017361111 | D7: =C7-B7 -> 0.0012731481 | E7: =IF($B$3=0,0,(C7-B7)/$B$3) -> 0.15277778 | F7: زمینه | G7: آمستردام ← بارسلونا، ۱۹۷۳ | H7: آغاز سفر | I7: [Year]. The most expensive transfer in the world, and a city waiting for a reason to believe. | J7: نقشه‌ی متحرک آمستردام→بارسلونا + عکس‌ها | K7: MapRoute, ParallaxPhoto, Timeline | L7: موزیک دهه‌ی ۷۰ (تولیدی) | M7: حرکت روی نقشه | N7: حقایق عمومی + عکس آزاد | O7: 3
A8: 4 | B8: 0.0017361111 | C8: 0.0034722222 | D8: =C8-B8 -> 0.0017361111 | E8: =IF($B$3=0,0,(C8-B8)/$B$3) -> 0.20833333 | F8: فصل اصلی | G8: فصل ۱۹۷۳-۷۴ و ۰-۵ برنابئو | H8: اوج بازیکنی | I8: The night of [date]: zero... five. | J8: اسکوربورد قدیمی + تیتر روزنامه (بازسازی) + تخته | K8: ScoreBug(retro), NewspaperHeadline, Pitch | L8: جمعیت آرشیوی (SFX آزاد) | M8: اسکوربورد شمارنده | N8: حقایق عمومی | O8: 3
A9: 5 | B9: 0.0034722222 | C9: 0.0036458333 | D9: =C9-B9 -> 0.00017361111 | E9: =IF($B$3=0,0,(C9-B9)/$B$3) -> 0.020833333 | F9: تنفس/جمع‌بندی کوتاه | G9: کارت گذر زمان: «پانزده سال بعد…» | H9: پرش زمانی | I9: Fifteen years later, he came back. Not to play — to rebuild. | J9: کارت تاریخ با افکت ورق تقویم | K9: TimeJump | L9: tick ساعت | M9: پرش زمانی | N9: — | O9: 1
A10: 6 | B10: 0.0036458333 | C10: 0.0055555556 | D10: =C10-B10 -> 0.0019097222 | E10: =IF($B$3=0,0,(C10-B10)/$B$3) -> 0.22916667 | F10: فصل اصلی | G10: مربی: «تیم رؤیایی»، ومبلی ۱۹۹۲ | H10: اوج مربیگری | I10: His team played with three at the back and an idea nobody else dared to try. | J10: تخته‌ی گچی ۳-۴-۳ + عکس‌های آزاد | K10: Formation(3-4-3), Pitch, ParallaxPhoto | L10: موزیک حماسی | M10: آموزش سیستم | N10: عکس آزاد + حقایق عمومی | O10: 4
A11: 7 | B11: 0.0055555556 | C11: 0.0069444444 | D11: =C11-B11 -> 0.0013888889 | E11: =IF($B$3=0,0,(C11-B11)/$B$3) -> 0.16666667 | F11: اوج/افشا | G11: میراث: ماسیا، گواردیولا، فلسفه | H11: پیوند به امروز | I11: Every Barça team since carries his fingerprints. Here is the family tree. | J11: شجره‌ی متحرک: کرایف → گواردیولا → … → امروز | K11: InfluenceTree | L11: موزیک تأملی | M11: ارتباط با بازیکنان امروز | N11: حقایق عمومی | O11: 3
A12: 8 | B12: 0.0069444444 | C12: 0.0078703704 | D12: =C12-B12 -> 0.00092592593 | E12: =IF($B$3=0,0,(C12-B12)/$B$3) -> 0.11111111 | F12: لحظه‌ی انسانی | G12: پایان احساسی | H12: احساس | I12: [Short real quote], he once said. The club still lives by it. | J12: آخرین عکس با زوم آهسته + نقل‌قول | K12: ParallaxPhoto, QuoteCard | L12: پیانو | M12: سکوت در پایان جمله | N12: نقل کوتاه + منبع | O12: 2
A13: 9 | B13: 0.0078703704 | C13: 0.0081018519 | D13: =C13-B13 -> 0.00023148148 | E13: =IF($B$3=0,0,(C13-B13)/$B$3) -> 0.027777778 | F13: سؤال/دعوت | G13: «دوره‌ی بعدی کدام باشد؟» | H13: کامنت و جهت‌دهی سری | I13: Which era should Episode two cover? Kubala? The Dream Team? Tell me. | J13: سه کارت گزینه | K13: PollCards | L13: — | M13: مشارکت در انتخاب قسمت بعد | N13: — | O13: 1
A14: 10 | B14: 0.0081018519 | C14: 0.0083333333 | D14: =C14-B14 -> 0.00023148148 | E14: =IF($B$3=0,0,(C14-B14)/$B$3) -> 0.027777778 | F14: پایان/اند‌اسکرین | G14: پیش‌نمایش قسمت بعد | H14: ادامه‌ی سری | I14: Next time: [teaser]. | J14: کارت «قسمت بعد» + اند‌اسکرین | K14: NextEpisode, EndScreen | L14: امضای سری | M14: تعلیق | N14: — | O14: 1
A16: نکته: شروع/پایان (آبی) را ویرایش کنید؛ مدت و درصد خودکار حساب می‌شوند. [ ] = حقیقتی که باید از فکت‌شیت منبع‌دار پر شود.

Sheet E تاریخ شفاهی هوادار
A1: E — تاریخ شفاهی هوادار — فقط به‌صورت بخش داخل FS/TM
A2: نمونه‌ی عنوان: Where Were You? The 6-1 Night, Told by Fans | ریتم انتشار: ماهانه | ستون محتوایی: جامعه/احساس | ریسک حقوقی: متوسط (رضایت‌نامه)
A3: طول کل: | B3: =MAX(C5:C13) -> 0.0097222222 | D3: جمع تلاش: | E3: =SUM(O5:O13) -> 21
A4: # | B4: شروع | C4: پایان | D4: مدت | E4: ٪ از کل | F4: نوع | G4: بخش | H4: هدف | I4: نمونه‌ی روایت (EN) | J4: تصویر روی صفحه | K4: کامپوننت‌های Remotion | L4: صدا/موزیک/SFX | M4: ترفند ماندگاری | N4: منبع/لایسنس | O4: تلاش ۱-۵
A5: 1 | B5: 0 | C5: 0.00028935185 | D5: =C5-B5 -> 0.00028935185 | E5: =IF($B$3=0,0,(C5-B5)/$B$3) -> 0.029761905 | F5: قلاب | G5: پیام صوتی یک هوادار روی صفحه‌ی سیاه | H5: اصالت انسانی فوری | I5: (Fan voice note) "I had already switched off the TV at 3-1..." | J5: صفحه‌ی سیاه + موج صدا + زیرنویس | K5: Waveform, Captions | L5: فقط صدای هوادار | M5: صدای واقعی انسان | N5: پیام صوتی با فرم رضایت | O5: 2
A6: 2 | B6: 0.00028935185 | C6: 0.00069444444 | D6: =C6-B6 -> 0.00040509259 | E6: =IF($B$3=0,0,(C6-B6)/$B$3) -> 0.041666667 | F6: زمینه | G6: ۴-۰ پاریس: ناامیدی | H6: زمینه | I6: Three weeks earlier, in Paris, it had ended four-nil. Nobody had ever come back from that. | J6: تیترهای بازسازی‌شده + اسکور ۴-۰ | K6: NewspaperHeadline, ScoreBug | L6: موزیک تیره | M6: تضاد احساسی | N6: حقایق عمومی | O6: 2
A7: 3 | B7: 0.00069444444 | C7: 0.0020833333 | D7: =C7-B7 -> 0.0013888889 | E7: =IF($B$3=0,0,(C7-B7)/$B$3) -> 0.14285714 | F7: لحظه‌ی انسانی | G7: صداها ۱: قبل از بازی | H7: معرفی شخصیت‌ها | I7: Meet [name] in [city], [name] in [city], and [name] in [city]. | J7: نقشه‌ی جهان با پین هوادارها + کارت هر نفر | K7: WorldMap, MapPin, PersonCard | L7: موزیک ملایم | M7: شخصیت‌پردازی | N7: فرم رضایت + عکس خود هوادار (اختیاری) | O7: 3
A8: 4 | B8: 0.0020833333 | C8: 0.0048611111 | D8: =C8-B8 -> 0.0027777778 | E8: =IF($B$3=0,0,(C8-B8)/$B$3) -> 0.28571429 | F8: فصل اصلی | G8: بازی در ۴ موومان | H8: روایت بازی + واکنش‌ها | I8: Goal by goal, the voices change. | J8: اسکوربورد + بازسازی گل‌ها، بین هر گل یک واکنش | K8: ScoreBug, Pitch, Captions | L8: جمعیت + موزیک بالارونده | M8: تناوب بازی/انسان | N8: حقایق عمومی + خاطرات | O8: 4
A9: 5 | B9: 0.0048611111 | C9: 0.0069444444 | D9: =C9-B9 -> 0.0020833333 | E9: =IF($B$3=0,0,(C9-B9)/$B$3) -> 0.21428571 | F9: اوج/افشا | G9: ۷ دقیقه‌ی آخر، ثانیه به ثانیه | H9: اوج | I9: 88:00. 89:00. Every second now, someone somewhere is screaming. | J9: ساعت بزرگ، اسلوموشن تخته، تقسیم صفحه با واکنش‌ها | K9: Clock, Pitch, SplitScreen | L9: ضربان قلب → انفجار | M9: کش دادن زمان | N9: حقایق عمومی | O9: 5
A10: 6 | B10: 0.0069444444 | C10: 0.0071759259 | D10: =C10-B10 -> 0.00023148148 | E10: =IF($B$3=0,0,(C10-B10)/$B$3) -> 0.023809524 | F10: تنفس/جمع‌بندی کوتاه | G10: سکوت | H10: تخلیه‌ی احساس | I10: — | J10: صفحه‌ی سفید، فقط نتیجه ۶-۱ | K10: ScoreBug | L10: سکوت کامل | M10: سکوت به‌عنوان افکت | N10: — | O10: 1
A11: 7 | B11: 0.0071759259 | C11: 0.0087962963 | D11: =C11-B11 -> 0.0016203704 | E11: =IF($B$3=0,0,(C11-B11)/$B$3) -> 0.16666667 | F11: لحظه‌ی انسانی | G11: صداها ۲: این شب برای من چه معنی داشت | H11: عمق شخصی | I11: "[What it meant]" — [name], [city]. | J11: کارت‌های نقل + عکس شخصی (با رضایت) | K11: QuoteCard, PersonCard | L11: پیانو | M11: داستان شخصی | N11: فرم رضایت | O11: 2
A12: 8 | B12: 0.0087962963 | C12: 0.009375 | D12: =C12-B12 -> 0.0005787037 | E12: =IF($B$3=0,0,(C12-B12)/$B$3) -> 0.05952381 | F12: سؤال/دعوت | G12: داستان خودت را بفرست | H12: جمع‌آوری برای قسمت بعد | I12: Next episode: [moment]. Send us your story — link in the description. | J12: کارت فرم/لینک | K12: QuestionCard | L12: — | M12: حلقه‌ی مشارکت | N12: — | O12: 1
A13: 9 | B13: 0.009375 | C13: 0.0097222222 | D13: =C13-B13 -> 0.00034722222 | E13: =IF($B$3=0,0,(C13-B13)/$B$3) -> 0.035714286 | F13: پایان/اند‌اسکرین | G13: اند‌اسکرین | H13: ارجاع | I13: The tactics behind that night are explained here. | J13: EndScreen | K13: EndScreen | L13: امضا | M13: — | N13: — | O13: 1
A15: نکته: شروع/پایان (آبی) را ویرایش کنید؛ مدت و درصد خودکار حساب می‌شوند. [ ] = حقیقتی که باید از فکت‌شیت منبع‌دار پر شود.

Sheet F شبیه‌ساز «اگر…»
A1: F — WI — شبیه‌ساز شفاف «اگر…»
A2: نمونه‌ی عنوان: What If Neymar Never Left? We Simulated 1,000 Seasons | ریتم انتشار: ماهانه | ستون محتوایی: ویروسی/بحث | ریسک حقوقی: کم (برچسب فرضی)
A3: طول کل: | B3: =MAX(C5:C13) -> 0.0097222222 | D3: جمع تلاش: | E3: =SUM(O5:O13) -> 20
A4: # | B4: شروع | C4: پایان | D4: مدت | E4: ٪ از کل | F4: نوع | G4: بخش | H4: هدف | I4: نمونه‌ی روایت (EN) | J4: تصویر روی صفحه | K4: کامپوننت‌های Remotion | L4: صدا/موزیک/SFX | M4: ترفند ماندگاری | N4: منبع/لایسنس | O4: تلاش ۱-۵
A5: 1 | B5: 0 | C5: 0.00023148148 | D5: =C5-B5 -> 0.00023148148 | E5: =IF($B$3=0,0,(C5-B5)/$B$3) -> 0.023809524 | F5: قلاب | G5: لحظه‌ی دوشاخه | H5: سؤال بزرگ | I5: August 2017. In our version of history, he says no. | J5: خط زمان که دو شاخه می‌شود | K5: TimelineFork | L5: افکت شیشه | M5: تصویر انشعاب تاریخ | N5: — | O5: 2
A6: 2 | B6: 0.00023148148 | C6: 0.00069444444 | D6: =C6-B6 -> 0.00046296296 | E6: =IF($B$3=0,0,(C6-B6)/$B$3) -> 0.047619048 | F6: پیش‌نمایش/وعده | G6: قواعد بازی (فرض‌ها) | H6: شفافیت = اعتبار | I6: Everything here is a model, not a prophecy. These are the assumptions — pause and check them. | J6: لیست فرض‌ها روی صفحه | K6: AssumptionList | L6: موزیک ملایم | M6: دعوت به چالش | N6: — | O6: 1
A7: 3 | B7: 0.00069444444 | C7: 0.0020833333 | D7: =C7-B7 -> 0.0013888889 | E7: =IF($B$3=0,0,(C7-B7)/$B$3) -> 0.14285714 | F7: زمینه | G7: آنچه واقعاً اتفاق افتاد | H7: پایه‌ی مقایسه | I7: In reality, the money went to [players]. Here is what it bought. | J7: تایم‌لاین واقعی ۲۰۱۷-۲۰۲۱ | K7: Timeline, StatCard | L7: — | M7: — | N7: حقایق عمومی | O7: 2
A8: 4 | B8: 0.0020833333 | C8: 0.0041666667 | D8: =C8-B8 -> 0.0020833333 | E8: =IF($B$3=0,0,(C8-B8)/$B$3) -> 0.21428571 | F8: فصل اصلی | G8: ساخت مدل (Elo + پواسون) به زبان ساده | H8: آموزش جذاب | I8: Think of every match as rolling two loaded dice... | J8: انیمیشن تاس، توزیع گل | K8: DiceAnim, Distribution | L8: SFX تاس | M8: ساده‌سازی بصری | N8: ClubElo (چک شرایط) یا مدل خودمان | O8: 4
A9: 5 | B9: 0.0041666667 | C9: 0.0043402778 | D9: =C9-B9 -> 0.00017361111 | E9: =IF($B$3=0,0,(C9-B9)/$B$3) -> 0.017857143 | F9: تنفس/جمع‌بندی کوتاه | G9: «و حالا، شبیه‌سازی» | H9: ریست | I9: Let us run it. | J9: شمارنده ۰ تا ۱۰۰۰ | K9: Counter | L9: tick سریع | M9: انتظار | N9: — | O9: 1
A10: 6 | B10: 0.0043402778 | C10: 0.0069444444 | D10: =C10-B10 -> 0.0026041667 | E10: =IF($B$3=0,0,(C10-B10)/$B$3) -> 0.26785714 | F10: اوج/افشا | G10: ۱۰۰۰ فصل شبیه‌سازی‌شده | H10: اوج داده | I10: In [X]% of our worlds, Barça win the Champions League at least once. | J10: هیستوگرام زنده که پر می‌شود؛ جام‌ها روی هم | K10: LiveHistogram, TrophyStack | L10: موزیک بالارونده | M10: داده‌ی زنده روی صفحه | N10: خروجی مدل خودمان | O10: 5
A11: 7 | B11: 0.0069444444 | C11: 0.0086805556 | D11: =C11-B11 -> 0.0017361111 | E11: =IF($B$3=0,0,(C11-B11)/$B$3) -> 0.17857143 | F11: فصل اصلی | G11: موج‌های بعدی (برچسب: گمانه‌زنی) | H11: عمق روایت | I11: And then the questions get harder: does Messi still leave in 2021? | J11: درخت تصمیم با برچسب «speculation» | K11: DecisionTree, Label | L11: موزیک تأملی | M11: بحث‌برانگیز | N11: — | O11: 3
A12: 8 | B12: 0.0086805556 | C12: 0.0092592593 | D12: =C12-B12 -> 0.0005787037 | E12: =IF($B$3=0,0,(C12-B12)/$B$3) -> 0.05952381 | F12: سؤال/دعوت | G12: حکم + سؤال | H12: کامنت | I12: My verdict: [one line]. What counterfactual should we run next? | J12: کارت حکم | K12: VerdictCard | L12: — | M12: پیشنهاد قسمت بعد | N12: — | O12: 1
A13: 9 | B13: 0.0092592593 | C13: 0.0097222222 | D13: =C13-B13 -> 0.00046296296 | E13: =IF($B$3=0,0,(C13-B13)/$B$3) -> 0.047619048 | F13: پایان/اند‌اسکرین | G13: اند‌اسکرین | H13: ارجاع | I13: The real story of that summer is here. | J13: EndScreen | K13: EndScreen | L13: امضا | M13: — | N13: — | O13: 1
A15: نکته: شروع/پایان (آبی) را ویرایش کنید؛ مدت و درصد خودکار حساب می‌شوند. [ ] = حقیقتی که باید از فکت‌شیت منبع‌دار پر شود.

Sheet G رتبه‌بندی
A1: G — رتبه‌بندی / شمارش معکوس — ❌ حذف در دور ۲ (فقط مرجع)
A2: نمونه‌ی عنوان: 10 Clásico Goals That Changed History | ریتم انتشار: ماهانه | ستون محتوایی: کلیک/سرگرمی | ریسک حقوقی: کم
A3: طول کل: | B3: =MAX(C5:C12) -> 0.0083333333 | D3: جمع تلاش: | E3: =SUM(O5:O12) -> 17
A4: # | B4: شروع | C4: پایان | D4: مدت | E4: ٪ از کل | F4: نوع | G4: بخش | H4: هدف | I4: نمونه‌ی روایت (EN) | J4: تصویر روی صفحه | K4: کامپوننت‌های Remotion | L4: صدا/موزیک/SFX | M4: ترفند ماندگاری | N4: منبع/لایسنس | O4: تلاش ۱-۵
A5: 1 | B5: 0 | C5: 0.00017361111 | D5: =C5-B5 -> 0.00017361111 | E5: =IF($B$3=0,0,(C5-B5)/$B$3) -> 0.020833333 | F5: قلاب | G5: نیم‌نگاه مات به رتبه‌ی ۱ | H5: کنجکاوی | I5: Number one is not the goal you think it is. | J5: فریم مات‌شده‌ی رتبه ۱ | K5: Blur, Pitch | L5: افکت مرموز | M5: پنهان‌کاری | N5: — | O5: 1
A6: 2 | B6: 0.00017361111 | C6: 0.00046296296 | D6: =C6-B6 -> 0.00028935185 | E6: =IF($B$3=0,0,(C6-B6)/$B$3) -> 0.034722222 | F6: پیش‌نمایش/وعده | G6: معیار انتخاب | H6: اعتبار | I6: Not the prettiest. The ones that changed what happened next. | J6: سه معیار با آیکون | K6: CriteriaCards | L6: — | M6: — | N6: — | O6: 1
A7: 3 | B7: 0.00046296296 | C7: 0.0039351852 | D7: =C7-B7 -> 0.0034722222 | E7: =IF($B$3=0,0,(C7-B7)/$B$3) -> 0.41666667 | F7: فصل اصلی | G7: رتبه‌های ۱۰ تا ۶ (هر کدام ۶۰ ثانیه) | H7: ریتم ثابت: بازسازی ۲۰ث + زمینه ۲۵ث + تأثیر ۱۵ث | I7: Number [N]: [Player], [Year]. To understand why it matters, rewind [X] weeks. | J7: بازسازی گل + کارت سال + تیتر | K7: Pitch, ScoreBug, RankBadge | L7: ریتم سریع، تغییر موزیک هر ۲ آیتم | M7: ریتم قابل پیش‌بینی + شگفتی | N7: حقایق عمومی | O7: 4
A8: 4 | B8: 0.0039351852 | C8: 0.0041666667 | D8: =C8-B8 -> 0.00023148148 | E8: =IF($B$3=0,0,(C8-B8)/$B$3) -> 0.027777778 | F8: تنفس/جمع‌بندی کوتاه | G8: نام‌های افتخاری | H8: تنفس | I8: A few that just missed out... | J8: کلاژ سریع | K8: Montage | L8: — | M8: — | N8: — | O8: 1
A9: 5 | B9: 0.0041666667 | C9: 0.0069444444 | D9: =C9-B9 -> 0.0027777778 | E9: =IF($B$3=0,0,(C9-B9)/$B$3) -> 0.33333333 | F9: فصل اصلی | G9: رتبه‌های ۵ تا ۲ | H9: بالا رفتن تنش | I9: Number [N]... | J9: همان قالب با شدت بیشتر | K9: Pitch, ScoreBug, RankBadge | L9: موزیک بالارونده | M9: افزایش شدت | N9: حقایق عمومی | O9: 4
A10: 6 | B10: 0.0069444444 | C10: 0.0078703704 | D10: =C10-B10 -> 0.00092592593 | E10: =IF($B$3=0,0,(C10-B10)/$B$3) -> 0.11111111 | F10: اوج/افشا | G10: رتبه‌ی ۱ (۸۰ ثانیه) | H10: پرداخت وعده | I10: Number one. The goal that changed not a match, but an era. | J10: بازسازی کامل + تیتر روزنامه + پیامد | K10: Pitch, NewspaperHeadline | L10: اوج | M10: پاسخ به قلاب | N10: حقایق عمومی | O10: 4
A11: 7 | B11: 0.0078703704 | C11: 0.0081597222 | D11: =C11-B11 -> 0.00028935185 | E11: =IF($B$3=0,0,(C11-B11)/$B$3) -> 0.034722222 | F11: سؤال/دعوت | G11: «رتبه‌ی ۱ تو کدام است؟» | H11: کامنت | I11: What is your number one? I already know someone will say [X]. | J11: کارت سؤال | K11: QuestionCard | L11: — | M11: بحث در کامنت | N11: — | O11: 1
A12: 8 | B12: 0.0081597222 | C12: 0.0083333333 | D12: =C12-B12 -> 0.00017361111 | E12: =IF($B$3=0,0,(C12-B12)/$B$3) -> 0.020833333 | F12: پایان/اند‌اسکرین | G12: اند‌اسکرین | H12: ارجاع | I12: The full story of number one is here. | J12: EndScreen | K12: EndScreen | L12: امضا | M12: — | N12: — | O12: 1
A14: نکته: شروع/پایان (آبی) را ویرایش کنید؛ مدت و درصد خودکار حساب می‌شوند. [ ] = حقیقتی که باید از فکت‌شیت منبع‌دار پر شود.

Sheet H یک لحظه ده زاویه
A1: H — یک لحظه، ده زاویه
A2: نمونه‌ی عنوان: Iniesta, Stamford Bridge, 93rd Minute — 10 Angles on One Moment | ریتم انتشار: ماهانه | ستون محتوایی: امضای کانال | ریسک حقوقی: کم
A3: طول کل: | B3: =MAX(C5:C13) -> 0.0069444444 | D3: جمع تلاش: | E3: =SUM(O5:O13) -> 20
A4: # | B4: شروع | C4: پایان | D4: مدت | E4: ٪ از کل | F4: نوع | G4: بخش | H4: هدف | I4: نمونه‌ی روایت (EN) | J4: تصویر روی صفحه | K4: کامپوننت‌های Remotion | L4: صدا/موزیک/SFX | M4: ترفند ماندگاری | N4: منبع/لایسنس | O4: تلاش ۱-۵
A5: 1 | B5: 0 | C5: 0.00017361111 | D5: =C5-B5 -> 0.00017361111 | E5: =IF($B$3=0,0,(C5-B5)/$B$3) -> 0.025 | F5: قلاب | G5: لحظه، منجمد | H5: میخکوب کردن | I5: Ten seconds. We are going to look at them ten different ways. | J5: تخته با یک فریم ثابت؛ ساعت ۹۲:۴۸ | K5: Freeze, Clock, Pitch | L5: سکوت + ضربان | M5: ثابت‌ماندن تصویر | N5: حقایق عمومی | O5: 2
A6: 2 | B6: 0.00017361111 | C6: 0.00034722222 | D6: =C6-B6 -> 0.00017361111 | E6: =IF($B$3=0,0,(C6-B6)/$B$3) -> 0.025 | F6: پیش‌نمایش/وعده | G6: قاعده‌ی بازی | H6: ساختار | I6: Each angle gets under a minute. By the end, you will never see this goal the same way. | J6: نوار ۱۰ خانه‌ای پیشرفت | K6: ProgressStrip(10) | L6: — | M6: نوار پیشرفت (ماندگاری) | N6: — | O6: 1
A7: 3 | B7: 0.00034722222 | C7: 0.0020833333 | D7: =C7-B7 -> 0.0017361111 | E7: =IF($B$3=0,0,(C7-B7)/$B$3) -> 0.25 | F7: فصل اصلی | G7: زاویه‌های ۱ تا ۳: پاس، دوندگی، مدافع | H7: تحلیل فنی | I7: Angle one: the pass that should not have been possible. | J7: هر زاویه: یک دوربین/لایه‌ی متفاوت روی همان لحظه | K7: Pitch, PlayerDot, Arrow, CameraMove | L7: تغییر رنگ موزیک برای هر زاویه | M7: تغییر الگو هر ~۵۰ث | N7: کدگذاری دستی | O7: 4
A8: 4 | B8: 0.0020833333 | C8: 0.0038194444 | D8: =C8-B8 -> 0.0017361111 | E8: =IF($B$3=0,0,(C8-B8)/$B$3) -> 0.25 | F8: فصل اصلی | G8: زاویه‌های ۴ تا ۶: ساعت، فصل، داوری | H8: زمینه | I8: Angle five: what this season had cost them before this second. | J8: تایم‌لاین فصل، کارت داوری (فقط حقایق) | K8: Timeline, StatCard | L8: — | M8: — | N8: حقایق عمومی + منبع | O8: 3
A9: 5 | B9: 0.0038194444 | C9: 0.0039930556 | D9: =C9-B9 -> 0.00017361111 | E9: =IF($B$3=0,0,(C9-B9)/$B$3) -> 0.025 | F9: تنفس/جمع‌بندی کوتاه | G9: نیمه‌ی راه | H9: ریست | I9: Halfway. Now it gets personal. | J9: نوار پیشرفت ۶/۱۰ | K9: ProgressStrip | L9: — | M9: — | N9: — | O9: 1
A10: 6 | B10: 0.0039930556 | C10: 0.0055555556 | D10: =C10-B10 -> 0.0015625 | E10: =IF($B$3=0,0,(C10-B10)/$B$3) -> 0.225 | F10: لحظه‌ی انسانی | G10: زاویه‌های ۷ تا ۹: جمعیت، فیزیک شوت، روزنامه‌ها | H10: انسانی + علمی | I10: Angle eight: at that distance, the ball took about [X] seconds to reach the net. | J10: فیزیک ساده‌ی شوت + تیتر بازسازی‌شده + خاطره‌ی هوادار | K10: Physics, NewspaperHeadline, QuoteCard | L10: جمعیت آرشیوی | M10: تنوع زاویه‌ها | N10: محاسبه‌ی خودمان + نقل کوتاه | O10: 4
A11: 7 | B11: 0.0055555556 | C11: 0.00625 | D11: =C11-B11 -> 0.00069444444 | E11: =IF($B$3=0,0,(C11-B11)/$B$3) -> 0.1 | F11: اوج/افشا | G11: زاویه‌ی ۱۰: آنچه بعدش آمد | H11: پیامد بزرگ | I11: Angle ten: without this second, maybe no treble — and maybe no idea that took over football. | J11: شجره‌ی پیامد | K11: InfluenceTree | L11: اوج | M11: پیوند به امروز | N11: حقایق عمومی | O11: 3
A12: 8 | B12: 0.00625 | C12: 0.0066550926 | D12: =C12-B12 -> 0.00040509259 | E12: =IF($B$3=0,0,(C12-B12)/$B$3) -> 0.058333333 | F12: سؤال/دعوت | G12: «کدام زاویه برایت تازه بود؟» | H12: کامنت | I12: Which angle was new to you? Which moment should get the ten-angle treatment next? | J12: کارت سؤال | K12: QuestionCard | L12: — | M12: پیشنهاد قسمت بعد | N12: — | O12: 1
A13: 9 | B13: 0.0066550926 | C13: 0.0069444444 | D13: =C13-B13 -> 0.00028935185 | E13: =IF($B$3=0,0,(C13-B13)/$B$3) -> 0.041666667 | F13: پایان/اند‌اسکرین | G13: اند‌اسکرین | H13: ارجاع | I13: The full story of that season is here. | J13: EndScreen | K13: EndScreen | L13: امضا | M13: — | N13: — | O13: 1
A15: نکته: شروع/پایان (آبی) را ویرایش کنید؛ مدت و درصد خودکار حساب می‌شوند. [ ] = حقیقتی که باید از فکت‌شیت منبع‌دار پر شود.

Sheet I شورتز مشتق
A1: I — Short مشتق از ویدیوی بلند (۹:۱۶)
A2: نمونه‌ی عنوان: The Offside Trap in 45 Seconds (from video A) | ریتم انتشار: ۲ تا ۳ عدد برای هر ویدیوی بلند | ستون محتوایی: قیف جذب | ریسک حقوقی: کم
A3: طول کل: | B3: =MAX(C5:C9) -> 0.00052083333 | D3: جمع تلاش: | E3: =SUM(O5:O9) -> 7
A4: # | B4: شروع | C4: پایان | D4: مدت | E4: ٪ از کل | F4: نوع | G4: بخش | H4: هدف | I4: نمونه‌ی روایت (EN) | J4: تصویر روی صفحه | K4: کامپوننت‌های Remotion | L4: صدا/موزیک/SFX | M4: ترفند ماندگاری | N4: منبع/لایسنس | O4: تلاش ۱-۵
A5: 1 | B5: 0 | C5: 2.3148148e-05 | D5: =C5-B5 -> 2.3148148e-05 | E5: =IF($B$3=0,0,(C5-B5)/$B$3) -> 0.044444444 | F5: قلاب | G5: متن درشت + حرکت فوری | H5: توقف اسکرول | I5: Barça's riskiest weapon. | J5: تخته‌ی عمودی، اولین فریم پرحرکت | K5: Pitch(vertical), BigText | L5: ضربه | M5: بدون مقدمه | N5: از ویدیوی A | O5: 2
A6: 2 | B6: 2.3148148e-05 | C6: 9.2592593e-05 | D6: =C6-B6 -> 6.9444444e-05 | E6: =IF($B$3=0,0,(C6-B6)/$B$3) -> 0.13333333 | F6: زمینه | G6: مسئله | H6: چرا مهم است | I6: They defend almost at halfway. Why? | J6: دو خط و فاصله | K6: OffsideLine, Ruler | L6: — | M6: — | N6: — | O6: 1
A7: 3 | B7: 9.2592593e-05 | C7: 0.00040509259 | D7: =C7-B7 -> 0.0003125 | E7: =IF($B$3=0,0,(C7-B7)/$B$3) -> 0.6 | F7: فصل اصلی | G7: صحنه‌ی اصلی | H7: پرداخت سریع | I7: Watch the line step — and the striker is offside by half a metre. | J7: بازسازی + زیرنویس کلمه‌به‌کلمه | K7: Pitch, Captions(word-level) | L7: موزیک سریع | M7: زیرنویس پویا | N7: از ویدیوی A | O7: 2
A8: 4 | B8: 0.00040509259 | C8: 0.00048611111 | D8: =C8-B8 -> 8.1018519e-05 | E8: =IF($B$3=0,0,(C8-B8)/$B$3) -> 0.15555556 | F8: اوج/افشا | G8: پانچ‌لاین | H8: لحظه‌ی آها | I8: Weapon. And gamble. | J8: فریز + متن | K8: Freeze, BigText | L8: ضربه | M8: — | N8: — | O8: 1
A9: 5 | B9: 0.00048611111 | C9: 0.00052083333 | D9: =C9-B9 -> 3.4722222e-05 | E9: =IF($B$3=0,0,(C9-B9)/$B$3) -> 0.066666667 | F9: سؤال/دعوت | G9: لوپ / ارجاع به ویدیوی کامل | H9: بازپخش + کلیک | I9: Full breakdown on the channel. | J9: کارت لینک ویدیوی مرتبط | K9: RelatedVideoTag | L9: — | M9: لوپ به ابتدا | N9: — | O9: 1
A11: نکته: شروع/پایان (آبی) را ویرایش کنید؛ مدت و درصد خودکار حساب می‌شوند. [ ] = حقیقتی که باید از فکت‌شیت منبع‌دار پر شود.
